sequence,temperature,n_amino_acids,length,net_charge_proxy,charge_density,hydrophobic_fraction,aromatic_fraction,cysteine_count,cysteine_fraction,proline_fraction,glycine_fraction,bbb_cpp_like_score,synthesis_developability_score,safety_toxicity_proxy_score,cheap_pre_af_score,length_preference,charge_preference,cysteine_preference,cheap_pre_af_score_refined,cheap_rank
RLLMYSYSPTTH,1.0,12,12,2,0.16666666666666666,0.4166666666666667,0.16666666666666666,0,0.0,0.08333333333333333,0.0,0.9999999999999999,1.0,1.0,1.0,1.0,1.0,1.0,1.0,1
RHFMREYS,1.0,8,8,2,0.25,0.375,0.25,0,0.0,0.0,0.0,0.9999999999999999,1.0,1.0,1.0,1.0,1.0,1.0,1.0,2
QIIYRDLPNH,1.0,10,10,1,0.1,0.4,0.1,0,0.0,0.1,0.0,0.9999999999999999,1.0,1.0,1.0,1.0,1.0,1.0,1.0,3
RRLSYSRFNH,1.0,10,10,4,0.4,0.3,0.2,0,0.0,0.0,0.0,0.9999999999999999,1.0,1.0,1.0,1.0,1.0,1.0,1.0,4
LVTYYITNRHKNH,1.0,13,13,4,0.3076923076923077,0.38461538461538464,0.15384615384615385,0,0.0,0.0,0.0,0.9999999999999999,1.0,1.0,1.0,1.0,1.0,1.0,1.0,5
TKVAPTVKKIPWV,1.0,13,13,3,0.23076923076923078,0.46153846153846156,0.07692307692307693,0,0.0,0.15384615384615385,0.0,0.9999999999999999,1.0,1.0,1.0,1.0,1.0,1.0,1.0,6
YAWRVSENH,1.0,9,9,1,0.1111111111111111,0.4444444444444444,0.2222222222222222,0,0.0,0.0,0.0,0.9999999999999999,1.0,1.0,1.0,1.0,1.0,1.0,1.0,7
AKVYTTTFH,1.0,9,9,2,0.2222222222222222,0.4444444444444444,0.2222222222222222,0,0.0,0.0,0.0,0.9999999999999999,1.0,1.0,1.0,1.0,1.0,1.0,1.0,8
YKFPPEVKNH,1.0,10,10,2,0.2,0.3,0.2,0,0.0,0.2,0.0,0.9999999999999999,1.0,1.0,1.0,1.0,1.0,1.0,1.0,9
GPAYGKTG,1.0,8,8,1,0.125,0.25,0.125,0,0.0,0.125,0.375,0.9999999999999999,0.9928571428571429,1.0,0.9974999999999999,1.0,1.0,1.0,0.998,10
RLFMRWYSPTTRRYG,1.0,15,15,4,0.26666666666666666,0.4,0.26666666666666666,0,0.0,0.06666666666666667,0.06666666666666667,0.9916666666666666,1.0,1.0,0.9966666666666666,1.0,1.0,1.0,0.9973333333333334,11
RLFMRFYSPTFRNH,1.0,14,14,4,0.2857142857142857,0.42857142857142855,0.2857142857142857,0,0.0,0.07142857142857142,0.0,0.9821428571428571,1.0,1.0,0.9928571428571429,1.0,1.0,1.0,0.9942857142857144,12
HYPHPHFH,1.0,8,8,4,0.5,0.25,0.25,0,0.0,0.25,0.0,0.9999999999999999,1.0,0.95,0.9875,1.0,1.0,1.0,0.99,13
WYAPVVVHHANH,1.0,12,12,3,0.25,0.5833333333333334,0.16666666666666666,0,0.0,0.08333333333333333,0.0,0.9666666666666666,1.0,1.0,0.9866666666666666,1.0,1.0,1.0,0.9893333333333334,14
TQIGPTPNGYLSRH,1.0,14,14,2,0.14285714285714285,0.21428571428571427,0.07142857142857142,0,0.0,0.14285714285714285,0.14285714285714285,0.9404761904761904,1.0,1.0,0.9761904761904762,1.0,1.0,1.0,0.980952380952381,15
SRFPPPGPVHLSP,1.0,13,13,2,0.15384615384615385,0.23076923076923078,0.07692307692307693,0,0.0,0.38461538461538464,0.07692307692307693,0.9679487179487178,0.9576923076923076,1.0,0.9723717948717947,1.0,1.0,1.0,0.9778974358974357,16
ASAYPTH,1.0,7,7,1,0.14285714285714285,0.42857142857142855,0.14285714285714285,0,0.0,0.14285714285714285,0.0,0.9999999999999999,1.0,1.0,1.0,0.6666666666666666,1.0,1.0,0.9733333333333334,17
FEVGKLGQRRPERGK,1.0,15,15,3,0.2,0.2,0.06666666666666667,0,0.0,0.06666666666666667,0.2,0.9166666666666666,1.0,1.0,0.9666666666666667,1.0,1.0,1.0,0.9733333333333334,18
YAFPGENGKGNPSTTLNH,1.0,18,18,1,0.05555555555555555,0.2222222222222222,0.1111111111111111,0,0.0,0.1111111111111111,0.16666666666666666,0.9537037037037036,1.0,1.0,0.9814814814814814,0.7777777777777778,1.0,1.0,0.9674074074074075,19
SKAYPPVYNHSSWPENTNF,1.0,19,19,1,0.05263157894736842,0.3157894736842105,0.21052631578947367,0,0.0,0.15789473684210525,0.0,0.9708333333333333,1.0,1.0,0.9883333333333333,0.6666666666666666,1.0,1.0,0.964,20
KYFDHVVF,1.0,8,8,1,0.125,0.625,0.375,0,0.0,0.0,0.0,0.8624999999999999,1.0,1.0,0.945,1.0,1.0,1.0,0.956,21
MPSTHTHTRPFT,1.0,12,12,3,0.25,0.16666666666666666,0.08333333333333333,0,0.0,0.16666666666666666,0.0,0.8611111111111109,1.0,1.0,0.9444444444444444,1.0,1.0,1.0,0.9555555555555555,22
SYPNGNGNSPRFSHDGY,1.0,17,17,1,0.058823529411764705,0.17647058823529413,0.17647058823529413,0,0.0,0.11764705882352941,0.17647058823529413,0.8774509803921567,1.0,1.0,0.9509803921568627,0.8888888888888888,1.0,1.0,0.9518954248366014,23
MRWRWKCSKN,1.0,10,10,4,0.4,0.3,0.2,1,0.1,0.0,0.0,0.9999999999999999,0.9500000000000001,0.95,0.97,1.0,1.0,0.5,0.951,24
YGSGRGERGRGIG,1.0,13,13,2,0.15384615384615385,0.15384615384615385,0.07692307692307693,0,0.0,0.0,0.46153846153846156,0.8397435897435896,0.9681318681318681,1.0,0.9247435897435897,1.0,1.0,1.0,0.9397948717948719,25
CFAFSFGKT,1.0,9,9,1,0.1111111111111111,0.4444444444444444,0.3333333333333333,1,0.1111111111111111,0.0,0.1111111111111111,0.9583333333333333,0.9500000000000001,0.95,0.9533333333333334,1.0,1.0,0.5,0.9376666666666668,26
WELVVYGRKRRRRRR,1.0,15,15,7,0.4666666666666667,0.3333333333333333,0.13333333333333333,0,0.0,0.0,0.06666666666666667,0.9249999999999999,1.0,0.9833333333333334,0.9658333333333333,1.0,0.25,1.0,0.9201666666666667,27
LIIYRILIS,1.0,9,9,1,0.1111111111111111,0.7777777777777778,0.1111111111111111,0,0.0,0.0,0.0,0.7722222222222221,1.0,0.8722222222222222,0.8769444444444444,1.0,1.0,1.0,0.9015555555555557,28
KMDDITRTKSSKERNH,1.0,16,16,3,0.1875,0.125,0.0,0,0.0,0.0,0.0,0.6916666666666665,1.0,1.0,0.8766666666666666,1.0,1.0,1.0,0.9013333333333333,29
CFFNGGRGGRRNH,1.0,13,13,4,0.3076923076923077,0.15384615384615385,0.15384615384615385,1,0.07692307692307693,0.0,0.3076923076923077,0.8397435897435896,0.9500000000000001,0.95,0.9058974358974359,1.0,1.0,0.5,0.8997179487179486,30
MSYTPFTFHNE,1.0,11,11,0,0.0,0.36363636363636365,0.2727272727272727,0,0.0,0.09090909090909091,0.0,0.8886363636363636,1.0,1.0,0.9554545454545454,1.0,0.0,1.0,0.8943636363636364,31
TPAPEWPWHSPW,1.0,12,12,0,0.0,0.3333333333333333,0.25,0,0.0,0.3333333333333333,0.0,0.8999999999999999,0.9833333333333333,1.0,0.9541666666666666,1.0,0.0,1.0,0.8933333333333333,32
TTNFPPHFE,1.0,9,9,0,0.0,0.2222222222222222,0.2222222222222222,0,0.0,0.2222222222222222,0.0,0.8537037037037036,1.0,1.0,0.9414814814814815,1.0,0.0,1.0,0.8831851851851852,33
TKPPPVPERRK,1.0,11,11,3,0.2727272727272727,0.09090909090909091,0.0,0,0.0,0.36363636363636365,0.0,0.6499999999999999,0.9681818181818181,1.0,0.8488636363636363,1.0,1.0,1.0,0.8790909090909091,34
CYGGRKRR,1.0,8,8,4,0.5,0.125,0.125,1,0.125,0.0,0.25,0.7916666666666665,0.9500000000000001,0.9,0.8741666666666666,1.0,1.0,0.5,0.8743333333333333,35
YPFFPFGGLP,1.0,10,10,0,0.0,0.5,0.4,0,0.0,0.3,0.2,0.825,1.0,1.0,0.9299999999999999,1.0,0.0,1.0,0.874,36
LVVYPFFPPT,1.0,10,10,0,0.0,0.6,0.3,0,0.0,0.3,0.0,0.825,1.0,1.0,0.9299999999999999,1.0,0.0,1.0,0.874,37
SSYIVDH,1.0,7,7,0,0.0,0.42857142857142855,0.14285714285714285,0,0.0,0.0,0.0,0.8999999999999999,1.0,1.0,0.96,0.6666666666666666,0.0,1.0,0.8713333333333334,38
LEKYGRRAHRRYARARR,1.0,17,17,8,0.47058823529411764,0.35294117647058826,0.11764705882352941,0,0.0,0.0,0.058823529411764705,0.85,1.0,0.9794117647058824,0.9348529411764706,0.8888888888888888,0.0,1.0,0.8689934640522876,39
YPFNGNTFPENG,1.0,12,12,-1,-0.08333333333333333,0.25,0.25,0,0.0,0.16666666666666666,0.16666666666666666,0.7999999999999999,1.0,1.0,0.9199999999999999,1.0,0.0,1.0,0.866,40
YAEEAVVGNH,1.0,10,10,-1,-0.1,0.5,0.1,0,0.0,0.0,0.1,0.7999999999999999,1.0,1.0,0.9199999999999999,1.0,0.0,1.0,0.866,41
TRFYPNE,1.0,7,7,0,0.0,0.2857142857142857,0.2857142857142857,0,0.0,0.14285714285714285,0.0,0.8821428571428571,1.0,1.0,0.9528571428571428,0.6666666666666666,0.0,1.0,0.8656190476190477,42
MVFYFPEFHQPY,1.0,12,12,0,0.0,0.5833333333333334,0.4166666666666667,0,0.0,0.16666666666666666,0.0,0.7833333333333332,1.0,1.0,0.9133333333333333,1.0,0.0,1.0,0.8606666666666667,43
EYGRGSGFRRSGSCRYC,1.0,17,17,3,0.17647058823529413,0.17647058823529413,0.17647058823529413,2,0.11764705882352941,0.0,0.23529411764705882,0.8774509803921567,0.9,0.9,0.8909803921568628,0.8888888888888888,1.0,0.0,0.8538954248366013,44
TFGGDLGCYH,1.0,10,10,0,0.0,0.3,0.2,1,0.1,0.0,0.3,0.8999999999999999,0.9500000000000001,0.95,0.9299999999999999,1.0,0.0,0.5,0.849,45
VRLPPPPPPPPPPPPPP,1.0,17,17,1,0.058823529411764705,0.11764705882352941,0.0,0,0.0,0.8235294117647058,0.0,0.6794117647058823,0.85,1.0,0.8192647058823529,0.8888888888888888,1.0,1.0,0.8465228758169936,46
NFYFYSVT,1.0,8,8,0,0.0,0.625,0.5,0,0.0,0.0,0.0,0.725,1.0,1.0,0.8899999999999999,1.0,0.0,1.0,0.842,47
FGGGGYLFGALNLKYDCRWLNH,1.0,22,22,2,0.09090909090909091,0.45454545454545453,0.22727272727272727,1,0.045454545454545456,0.0,0.22727272727272727,0.8833333333333333,0.8766666666666667,0.95,0.8976666666666666,0.3333333333333333,1.0,0.5,0.8398,48
SPPVSML,1.0,7,7,0,0.0,0.42857142857142855,0.0,0,0.0,0.2857142857142857,0.0,0.7999999999999999,1.0,1.0,0.9199999999999999,0.6666666666666666,0.0,1.0,0.8393333333333334,49
FQIKIW,1.0,6,6,1,0.16666666666666666,0.6666666666666666,0.3333333333333333,0,0.0,0.0,0.0,0.6666666666666667,1.0,0.9833333333333334,0.8625,0.3333333333333333,1.0,1.0,0.8366666666666667,50
DYSFPFEESIANK,1.0,13,13,-2,-0.15384615384615385,0.38461538461538464,0.23076923076923078,0,0.0,0.07692307692307693,0.0,0.7,1.0,1.0,0.8799999999999999,1.0,0.0,1.0,0.834,51
YMVEEEIENRTF,1.0,12,12,-3,-0.25,0.4166666666666667,0.16666666666666666,0,0.0,0.0,0.0,0.7,1.0,1.0,0.8799999999999999,1.0,0.0,1.0,0.834,52
IPAVYPE,1.0,7,7,-1,-0.14285714285714285,0.5714285714285714,0.14285714285714285,0,0.0,0.2857142857142857,0.0,0.7785714285714286,1.0,1.0,0.9114285714285715,0.6666666666666666,0.0,1.0,0.8324761904761906,53
YPENPEFYPNPN,1.0,12,12,-2,-0.16666666666666666,0.25,0.25,0,0.0,0.3333333333333333,0.0,0.7,0.9833333333333333,1.0,0.8741666666666665,1.0,0.0,1.0,0.8293333333333333,54
TKPPPMRPFRRGGEQNNTELNH,1.0,22,22,3,0.13636363636363635,0.13636363636363635,0.045454545454545456,0,0.0,0.18181818181818182,0.09090909090909091,0.6848484848484848,0.9266666666666667,1.0,0.8482727272727273,0.3333333333333333,1.0,1.0,0.8252848484848485,55
FNEEGNFFGGSDS,1.0,13,13,-3,-0.23076923076923078,0.23076923076923078,0.23076923076923078,0,0.0,0.0,0.23076923076923078,0.6679487179487179,1.0,1.0,0.8671794871794871,1.0,0.0,1.0,0.8237435897435897,56
CSGTYKNSCKTH,1.0,12,12,3,0.25,0.08333333333333333,0.08333333333333333,2,0.16666666666666666,0.0,0.08333333333333333,0.7499999999999999,0.9,0.9,0.84,1.0,1.0,0.0,0.8220000000000001,57
TNENPMPPV,1.0,9,9,-1,-0.1111111111111111,0.2222222222222222,0.0,0,0.0,0.3333333333333333,0.0,0.6537037037037037,0.9833333333333333,1.0,0.8556481481481482,1.0,0.0,1.0,0.8145185185185185,58
YPFENFQ,1.0,7,7,-1,-0.14285714285714285,0.42857142857142855,0.42857142857142855,0,0.0,0.14285714285714285,0.0,0.7107142857142856,1.0,1.0,0.8842857142857142,0.6666666666666666,0.0,1.0,0.8107619047619048,59
YPNFFTE,1.0,7,7,-1,-0.14285714285714285,0.42857142857142855,0.42857142857142855,0,0.0,0.14285714285714285,0.0,0.7107142857142856,1.0,1.0,0.8842857142857142,0.6666666666666666,0.0,1.0,0.8107619047619048,60
CGLTKYSINYPENNWDV,1.0,17,17,-1,-0.058823529411764705,0.35294117647058826,0.17647058823529413,1,0.058823529411764705,0.058823529411764705,0.058823529411764705,0.7999999999999999,0.9500000000000001,0.95,0.8900000000000001,0.8888888888888888,0.0,0.5,0.8081111111111113,61
NYSHVHSENHPVRLRPCRVINH,1.0,22,22,6,0.2727272727272727,0.2727272727272727,0.045454545454545456,1,0.045454545454545456,0.09090909090909091,0.0,0.8742424242424243,0.8766666666666667,0.95,0.8940303030303032,0.3333333333333333,0.5,0.5,0.8018909090909092,62
PQNYPEPFPE,1.0,10,10,-2,-0.2,0.2,0.2,0,0.0,0.4,0.0,0.6166666666666666,0.95,1.0,0.8291666666666666,1.0,0.0,1.0,0.7933333333333333,63
NGYLETTTDQINSTPTDRQHSRH,1.0,23,23,1,0.043478260869565216,0.13043478260869565,0.043478260869565216,0,0.0,0.043478260869565216,0.043478260869565216,0.6418478260869565,0.8900000000000001,1.0,0.8182391304347826,0.2222222222222222,1.0,1.0,0.792369082125604,64
CRRSPCLSPRSKNH,1.0,14,14,5,0.35714285714285715,0.07142857142857142,0.0,2,0.14285714285714285,0.14285714285714285,0.0,0.6499999999999999,0.9,0.9,0.7999999999999999,1.0,0.75,0.0,0.7725,65
CRGGCGSGKSSGSC,1.0,14,14,2,0.14285714285714285,0.0,0.0,3,0.21428571428571427,0.0,0.35714285714285715,0.6499999999999999,0.8479591836734695,0.85,0.7692857142857142,1.0,1.0,0.0,0.7654285714285713,66
MYPNPECPCVGNYCTHPM,1.0,18,18,0,0.0,0.2777777777777778,0.1111111111111111,3,0.16666666666666666,0.2222222222222222,0.05555555555555555,0.8999999999999999,0.8500000000000001,0.85,0.87,0.7777777777777778,0.0,0.0,0.7582222222222222,67
RRLRLSYSRRNRKNKRNH,1.0,18,18,10,0.5555555555555556,0.16666666666666666,0.05555555555555555,0,0.0,0.0,0.0,0.5611111111111111,1.0,0.8944444444444444,0.7980555555555555,0.7777777777777778,0.0,1.0,0.7506666666666667,68
CADDLGLPGQLCYTGAAH,1.0,18,18,-1,-0.05555555555555555,0.3888888888888889,0.05555555555555555,2,0.1111111111111111,0.05555555555555555,0.16666666666666666,0.7999999999999999,0.9,0.9,0.86,0.7777777777777778,0.0,0.0,0.7502222222222222,69
STEHYEEEPVGENIPENNH,1.0,19,19,-4,-0.21052631578947367,0.15789473684210525,0.05263157894736842,0,0.0,0.10526315789473684,0.05263157894736842,0.5173245614035087,1.0,1.0,0.8069298245614035,0.6666666666666666,0.0,1.0,0.7488771929824563,70
PKKRRRFNRHK,1.0,11,11,8,0.7272727272727273,0.09090909090909091,0.09090909090909091,0,0.0,0.09090909090909091,0.0,0.6,1.0,0.7227272727272727,0.7706818181818181,1.0,0.0,1.0,0.7465454545454545,71
RSPETY,1.0,6,6,0,0.0,0.16666666666666666,0.16666666666666666,0,0.0,0.16666666666666666,0.0,0.5861111111111111,1.0,1.0,0.8344444444444444,0.3333333333333333,0.0,1.0,0.7442222222222222,72
ETPPEHPG,1.0,8,8,-1,-0.125,0.0,0.0,0,0.0,0.375,0.125,0.44999999999999996,0.9625,1.0,0.766875,1.0,0.0,1.0,0.7435,73
GAVFLGAGQLIIKAPKLKKILFLLAKL,1.0,27,27,5,0.18518518518518517,0.6296296296296297,0.07407407407407407,0,0.0,0.037037037037037035,0.1111111111111111,0.6578703703703703,0.7433333333333333,1.0,0.7733148148148148,0.0,0.75,1.0,0.7211518518518519,74
YPDFPF,1.0,6,6,-1,-0.16666666666666666,0.5,0.5,0,0.0,0.3333333333333333,0.0,0.5249999999999999,0.9833333333333333,1.0,0.8041666666666666,0.3333333333333333,0.0,1.0,0.72,75
CCKTTPFECSEH,1.0,12,12,0,0.0,0.08333333333333333,0.08333333333333333,3,0.25,0.08333333333333333,0.0,0.6499999999999999,0.8500000000000001,0.85,0.7699999999999999,1.0,0.0,0.0,0.696,76
HHIPY,1.0,5,5,2,0.4,0.4,0.2,0,0.0,0.2,0.0,0.65,0.44999999999999996,1.0,0.6675,0.0,1.0,1.0,0.6540000000000001,77
CGFEEEAGGGYGSASGYDCRKR,1.0,22,22,-1,-0.045454545454545456,0.22727272727272727,0.13636363636363635,2,0.09090909090909091,0.0,0.2727272727272727,0.6454545454545454,0.8266666666666668,0.9,0.7725151515151515,0.3333333333333333,0.0,0.0,0.6446787878787879,78
AGRYLGTSPTCPFIATGARRSCTYSKC,1.0,27,27,4,0.14814814814814814,0.2962962962962963,0.1111111111111111,3,0.1111111111111111,0.07407407407407407,0.1111111111111111,0.7374999999999999,0.5933333333333333,0.85,0.7151666666666666,0.0,1.0,0.0,0.6421333333333332,79
VQIGLQIRRRNHSHKHMWKTAYKNH,1.0,25,25,10,0.4,0.32,0.08,0,0.0,0.0,0.04,0.49583333333333335,0.8166666666666667,1.0,0.7341666666666666,0.0,0.0,1.0,0.6373333333333334,80
NMHDCDVCPEKPICKDCPH,1.0,19,19,0,0.0,0.15789473684210525,0.0,4,0.21052631578947367,0.15789473684210525,0.0,0.6173245614035087,0.8,0.8,0.7269298245614035,0.6666666666666666,0.0,0.0,0.6348771929824562,81
QHYFK,1.0,5,5,2,0.4,0.4,0.4,0,0.0,0.0,0.0,0.5750000000000001,0.44999999999999996,1.0,0.6375,0.0,1.0,1.0,0.6300000000000001,82
QQFQH,1.0,5,5,1,0.2,0.2,0.2,0,0.0,0.0,0.0,0.5666666666666667,0.44999999999999996,1.0,0.6341666666666667,0.0,1.0,1.0,0.6273333333333333,83
VQIKQ,1.0,5,5,1,0.2,0.4,0.0,0,0.0,0.0,0.0,0.55,0.44999999999999996,1.0,0.6275,0.0,1.0,1.0,0.6220000000000001,84
KVALK,1.0,5,5,2,0.4,0.6,0.0,0,0.0,0.0,0.0,0.5,0.44999999999999996,1.0,0.6074999999999999,0.0,1.0,1.0,0.6060000000000001,85
CFESGGKSGQGGCECRERRRGSSC,1.0,24,24,2,0.08333333333333333,0.041666666666666664,0.041666666666666664,4,0.16666666666666666,0.0,0.25,0.5583333333333333,0.6533333333333333,0.8,0.652,0.1111111111111111,1.0,0.0,0.6004888888888888,86
HSRFK,1.0,5,5,3,0.6,0.2,0.2,0,0.0,0.0,0.0,0.5666666666666667,0.44999999999999996,0.8500000000000001,0.5966666666666667,0.0,1.0,1.0,0.5973333333333335,87
CQYDEGNSPERNNFNGEYSCH,1.0,21,21,-2,-0.09523809523809523,0.14285714285714285,0.14285714285714285,2,0.09523809523809523,0.047619047619047616,0.09523809523809523,0.43392857142857133,0.8633333333333334,0.9,0.7007380952380953,0.4444444444444444,0.0,0.0,0.5961460317460318,88
KCTWK,1.0,5,5,2,0.4,0.2,0.2,1,0.2,0.0,0.0,0.5666666666666667,0.4,0.95,0.6041666666666667,0.0,1.0,0.5,0.5783333333333335,89
GEYGGPFPMIGFINESPKESGGTGRLCMKCKRRT,1.0,34,34,3,0.08823529411764706,0.23529411764705882,0.08823529411764706,2,0.058823529411764705,0.08823529411764706,0.20588235294117646,0.6254901960784314,0.3866666666666666,0.9,0.6105294117647059,0.0,1.0,0.0,0.5584235294117648,90
TPMNW,1.0,5,5,0,0.0,0.4,0.2,0,0.0,0.2,0.0,0.5499999999999999,0.44999999999999996,1.0,0.6275,0.0,0.0,1.0,0.552,91
IPLYQ,1.0,5,5,0,0.0,0.6,0.2,0,0.0,0.2,0.0,0.5,0.44999999999999996,1.0,0.6074999999999999,0.0,0.0,1.0,0.536,92
HSFPE,1.0,5,5,0,0.0,0.2,0.2,0,0.0,0.2,0.0,0.4666666666666667,0.44999999999999996,1.0,0.5941666666666666,0.0,0.0,1.0,0.5253333333333333,93
YPFNF,1.0,5,5,0,0.0,0.6,0.6,0,0.0,0.2,0.0,0.4,0.44999999999999996,1.0,0.5675,0.0,0.0,1.0,0.504,94
CKDPK,1.0,5,5,1,0.2,0.0,0.0,1,0.2,0.2,0.0,0.3,0.4,0.95,0.4975,0.0,1.0,0.5,0.49300000000000005,95
AYAEA,1.0,5,5,-1,-0.2,0.8,0.2,0,0.0,0.0,0.0,0.2,0.44999999999999996,0.85,0.44999999999999996,0.0,0.0,1.0,0.41,96
SAALV,1.0,5,5,0,0.0,0.8,0.0,0,0.0,0.0,0.0,0.19999999999999998,0.44999999999999996,0.85,0.44999999999999996,0.0,0.0,1.0,0.41,97
DGGDKIKCCKPRKCHCPGSDCCKCEDCCPCRGRRSCC,1.0,37,37,5,0.13513513513513514,0.02702702702702703,0.0,12,0.32432432432432434,0.08108108108108109,0.10810810810810811,0.3,0.25,0.8,0.4075,0.0,0.75,0.0,0.3785,98
CGKRGCELELFEYCGEESFGYGGDGRNCSLGTCTMLCC,1.0,38,38,-3,-0.07894736842105263,0.23684210526315788,0.10526315789473684,7,0.18421052631578946,0.0,0.21052631578947367,0.3280701754385965,0.25,0.8,0.4187280701754386,0.0,0.0,0.0,0.33498245614035094,99
KGDSGPGYKGKLRCTCLSCKCVRTKCTRKRLLSESGHKCK,1.0,40,40,11,0.275,0.15,0.025,6,0.15,0.025,0.125,0.1333333333333333,0.25,0.8,0.3408333333333333,0.0,0.0,0.0,0.27266666666666667,100
